"crisis","indice","cluster","es_regimen_agudo","n_ventanas","prop_en_fase_aguda","score_tension","centro_rent_anual","centro_volatilidad","centro_drawdown","centro_correlacion"
"crisis2008","^GSPC",1,FALSE,230,0.6565,-2.0728,0.2242,-0.6598,0.5405,-0.6483
"crisis2008","^GSPC",2,TRUE,74,0.7297,6.1795,-1.6386,1.655,-1.7069,1.1789
"crisis2008","^GSPC",3,FALSE,65,0,0.2995,1.0721,0.4504,0.0307,0.9519
"crisis2008","^GSPTSE",1,FALSE,74,0,0.2963,0.9269,0.5383,0.1306,0.8155
"crisis2008","^GSPTSE",2,TRUE,65,0.8308,6.733,-1.9139,1.7715,-1.9777,1.0699
"crisis2008","^GSPTSE",3,FALSE,230,0.6565,-1.9981,0.2427,-0.6738,0.5169,-0.5647
"crisis2008","^GDAXI",1,FALSE,112,0.625,0.6983,-0.0532,0.278,-0.3194,0.0477
"crisis2008","^GDAXI",2,FALSE,187,0.4385,-2.7837,0.6088,-0.7538,0.8128,-0.6083
"crisis2008","^GDAXI",3,TRUE,70,0.7571,6.3194,-1.5411,1.5691,-1.6604,1.5488
"crisis2008","^FCHI",1,TRUE,76,0.7105,5.9385,-1.4082,1.6886,-1.5851,1.2565
"crisis2008","^FCHI",2,FALSE,229,0.4891,-1.0072,0.3764,-0.3118,0.3801,0.0612
"crisis2008","^FCHI",3,FALSE,64,0.6094,-3.4481,0.3253,-0.8895,0.5223,-1.711
"crisis2008","^FTSE",1,FALSE,236,0.4831,-0.9606,0.4153,-0.2802,0.3738,0.1087
"crisis2008","^FTSE",2,TRUE,71,0.7606,6.1164,-1.5114,1.7378,-1.6454,1.2218
"crisis2008","^FTSE",3,FALSE,62,0.5968,-3.3478,0.1501,-0.9233,0.4613,-1.8131
"crisis2008","^IBEX",1,FALSE,155,0.2323,-2.5893,0.8251,-0.6589,0.9969,-0.1084
"crisis2008","^IBEX",2,FALSE,119,1,-0.4824,-0.4149,-0.3404,-0.2407,-0.7977
"crisis2008","^IBEX",3,TRUE,95,0.5263,4.829,-0.8265,1.5015,-1.325,1.176
"crisis2008","FTSEMIB.MI",1,FALSE,63,0,-0.3012,1.2799,0.6422,-0.1476,0.1889
"crisis2008","FTSEMIB.MI",2,TRUE,76,0.7105,5.9536,-1.4264,1.5895,-1.5294,1.4083
"crisis2008","FTSEMIB.MI",3,FALSE,230,0.6565,-1.8848,0.1208,-0.7011,0.5458,-0.5171
"crisis2008","^SSMI",1,TRUE,67,0.7015,6.0599,-1.3402,1.731,-1.5029,1.4858
"crisis2008","^SSMI",2,FALSE,131,0.7099,0.9056,-0.1582,0.1907,-0.3164,0.2403
"crisis2008","^SSMI",3,FALSE,171,0.3801,-3.0681,0.6463,-0.8243,0.8312,-0.7662
"crisis2008","^AEX",1,FALSE,214,0.4346,-0.8695,0.4277,-0.2465,0.3463,0.151
"crisis2008","^AEX",2,TRUE,72,0.75,6.3006,-1.64,1.6861,-1.7032,1.2712
"crisis2008","^AEX",3,FALSE,83,0.6988,-3.2238,0.3199,-0.8272,0.5845,-1.4921
"crisis2008","^N225",1,TRUE,59,0.8475,6.8974,-1.7501,1.8279,-1.9145,1.4049
"crisis2008","^N225",2,FALSE,230,0.3739,-2.3906,0.5752,-0.5579,0.6393,-0.6182
"crisis2008","^N225",3,FALSE,80,0.8625,1.7861,-0.3629,0.2559,-0.426,0.7412
"crisis2008","^HSI",1,FALSE,177,0.1808,-1.941,0.8584,-0.4158,0.7137,0.0469
"crisis2008","^HSI",2,FALSE,122,0.9754,-0.7004,-0.3955,-0.2753,-0.084,-0.9046
"crisis2008","^HSI",3,TRUE,70,0.7714,6.1285,-1.4811,1.5312,-1.6583,1.4579
"crisis2008","^KS11",1,FALSE,90,0.6444,-2.9614,0.0658,-0.8901,0.4511,-1.5544
"crisis2008","^KS11",2,TRUE,64,0.7969,5.7288,-1.4596,1.7514,-1.7932,0.7245
"crisis2008","^KS11",3,FALSE,215,0.4465,-0.4657,0.4069,-0.1488,0.345,0.435
"crisis2008","^AXJO",1,FALSE,166,0.4518,-0.7347,0.5279,-0.1984,0.3791,0.3707
"crisis2008","^AXJO",2,FALSE,105,0.5048,-3.3154,0.3672,-0.9175,0.6674,-1.3633
"crisis2008","^AXJO",3,TRUE,98,0.7857,4.7968,-1.2877,1.3191,-1.3572,0.8328
"crisis2008","^BVSP",1,TRUE,65,0.8308,6.7417,-1.6783,1.9321,-1.9289,1.2024
"crisis2008","^BVSP",2,FALSE,142,0.6972,-1.8365,-0.0502,-0.5939,0.2715,-1.0212
"crisis2008","^BVSP",3,FALSE,162,0.321,-1.0952,0.7174,-0.2546,0.5359,0.4127
"crisis2008","^BSESN",1,FALSE,191,0.2408,-2.1693,0.8198,-0.4711,0.7784,-0.1002
"crisis2008","^BSESN",2,TRUE,63,0.7143,6.094,-1.3133,1.5768,-1.6293,1.5746
"crisis2008","^BSESN",3,FALSE,115,0.9913,0.2646,-0.6421,-0.0815,-0.4002,-0.6962
"crisis2008","^MXX",1,FALSE,230,0.6565,-1.8366,0.0653,-0.6447,0.4839,-0.6427
"crisis2008","^MXX",2,FALSE,72,0,0.1338,1.2083,0.4486,0.0906,0.9841
"crisis2008","^MXX",3,TRUE,67,0.806,6.1611,-1.5228,1.731,-1.7585,1.1487
"crisis2008","000001.SS",1,FALSE,84,0,-2.9164,0.963,-0.0386,0.7964,-1.1184
"crisis2008","000001.SS",2,TRUE,184,0.9511,2.8773,-0.921,0.7445,-0.9021,0.3096
"crisis2008","000001.SS",3,FALSE,101,0.297,-2.8162,0.877,-1.3243,0.9811,0.3662
"crisis2008","^TWII",1,FALSE,223,0.6457,-1.4992,0.0446,-0.6766,0.2805,-0.4975
"crisis2008","^TWII",2,TRUE,70,0.8714,5.6124,-1.5016,1.2614,-1.6857,1.1637
"crisis2008","^TWII",3,FALSE,76,0,-0.7703,1.2522,0.8235,0.7295,0.3878
"crisis2008","^JKSE",1,TRUE,63,0.8413,5.8941,-1.6562,1.6174,-1.9625,0.6581
"crisis2008","^JKSE",2,FALSE,228,0.4123,-0.5771,0.5261,-0.0506,0.3927,0.3923
"crisis2008","^JKSE",3,FALSE,78,0.7436,-3.0737,-0.2,-1.1583,0.4372,-1.6783
"covid","^GSPC",1,TRUE,63,0.1111,4.8663,-1.0016,1.31,-1.3813,1.1735
"covid","^GSPC",2,FALSE,44,0.2273,-3.4764,1.3587,-0.4124,0.7359,-0.9693
"covid","^GSPC",3,FALSE,83,0.0723,-1.8508,0.04,-0.7757,0.6583,-0.3769
"covid","^GSPTSE",1,FALSE,115,0.1391,-2.5772,0.3966,-0.7622,0.712,-0.7063
"covid","^GSPTSE",2,TRUE,63,0.1111,5.031,-1.1094,1.3298,-1.3921,1.1997
"covid","^GSPTSE",3,FALSE,12,0,-1.714,2.0233,0.3234,0.485,0.4709
"covid","^GDAXI",1,FALSE,99,0.1616,-2.5742,0.2446,-0.8467,0.6905,-0.7925
"covid","^GDAXI",2,FALSE,28,0,-2.0801,1.5148,0.1069,0.6673,-0.0049
"covid","^GDAXI",3,TRUE,63,0.1111,4.9697,-1.0576,1.283,-1.3816,1.2475
"covid","^FCHI",1,TRUE,63,0.1111,5.2419,-1.2803,1.3013,-1.3904,1.2699
"covid","^FCHI",2,FALSE,109,0.0917,-2.8776,0.5951,-0.761,0.7176,-0.8038
"covid","^FCHI",3,FALSE,18,0.3333,-0.9213,0.8772,0.0536,0.5207,0.423
"covid","^FTSE",1,TRUE,63,0.1111,5.1714,-1.2446,1.3089,-1.3806,1.2373
"covid","^FTSE",2,FALSE,115,0.1391,-2.6998,0.5275,-0.756,0.6896,-0.7266
"covid","^FTSE",3,FALSE,12,0,-1.277,1.4788,0.3732,0.6393,0.4679
"covid","^IBEX",1,FALSE,66,0.0909,-1.6239,0.5648,-0.3651,0.59,-0.104
"covid","^IBEX",2,TRUE,63,0.1111,5.1616,-1.3112,1.2745,-1.3747,1.2012
"covid","^IBEX",3,FALSE,61,0.1639,-3.5739,0.7432,-0.9212,0.7814,-1.1281
"covid","FTSEMIB.MI",1,FALSE,85,0.1176,-2.9788,0.499,-0.8542,0.6831,-0.9425
"covid","FTSEMIB.MI",2,TRUE,63,0.1111,5.1904,-1.2709,1.343,-1.3852,1.1912
"covid","FTSEMIB.MI",3,FALSE,42,0.1429,-1.7571,0.8966,-0.2858,0.6954,0.1207
"covid","^SSMI",1,TRUE,62,0.1129,5.0958,-1.1825,1.3295,-1.4041,1.1796
"covid","^SSMI",2,FALSE,109,0.0917,-2.7166,0.4788,-0.767,0.726,-0.7448
"covid","^SSMI",3,FALSE,19,0.3158,-1.0435,1.1117,0.0617,0.4168,0.4233
"covid","^AEX",1,FALSE,12,0,-2.0735,1.8673,0.2753,0.7121,0.2305
"covid","^AEX",2,FALSE,115,0.1391,-2.555,0.4026,-0.7539,0.6822,-0.7163
"covid","^AEX",3,TRUE,63,0.1111,5.0588,-1.0906,1.3238,-1.3809,1.2636
"covid","^N225",1,TRUE,63,0.1111,4.8439,-0.9988,1.2705,-1.3789,1.1957
"covid","^N225",2,FALSE,35,0.1714,-1.5845,1.1853,-0.0011,0.5812,0.1831
"covid","^N225",3,FALSE,92,0.1087,-2.7142,0.233,-0.8696,0.7231,-0.8884
"covid","^HSI",1,TRUE,62,0.0968,4.617,-0.8436,1.2747,-1.2918,1.2069
"covid","^HSI",2,FALSE,56,0.2857,-3.0684,1.2285,-0.1587,1.0507,-0.6305
"covid","^HSI",3,FALSE,72,0.0139,-1.5892,-0.2291,-0.9743,0.2952,-0.5489
"covid","^KS11",1,FALSE,81,0.037,-2.1587,-0.266,-0.8905,0.6026,-0.9316
"covid","^KS11",2,TRUE,64,0.1094,4.3529,-0.6103,1.2685,-1.3312,1.1428
"covid","^KS11",3,FALSE,45,0.2889,-2.305,1.3468,-0.2012,0.8086,0.0516
"covid","^AXJO",1,FALSE,82,0.122,-2.6542,0.5004,-0.8579,0.7415,-0.5543
"covid","^AXJO",2,FALSE,45,0.1556,-0.3356,0.8089,-0.2857,0.5805,1.3395
"covid","^AXJO",3,TRUE,63,0.0952,3.6944,-1.2292,1.3207,-1.3798,-0.2353
"covid","^BVSP",1,FALSE,115,0.1391,-2.7206,0.4971,-0.7579,0.7061,-0.7594
"covid","^BVSP",2,FALSE,12,0,-1.4459,1.6598,0.2995,0.5357,0.4501
"covid","^BVSP",3,TRUE,63,0.1111,5.2416,-1.2236,1.3264,-1.391,1.3006
"covid","^BSESN",1,FALSE,94,0.1702,-2.554,0.2499,-0.7943,0.6685,-0.8414
"covid","^BSESN",2,FALSE,33,0.0606,-2.4073,1.4208,-0.249,0.738,5e-04
"covid","^BSESN",3,TRUE,63,0.0794,5.0717,-1.1171,1.3155,-1.384,1.2551
"covid","^MXX",1,FALSE,51,0.3137,-2.983,1.1794,-0.4343,0.9664,-0.4029
"covid","^MXX",2,TRUE,64,0.1094,5.0743,-1.1639,1.3008,-1.3054,1.3042
"covid","^MXX",3,FALSE,75,0,-2.3016,0.1912,-0.8147,0.4568,-0.839
"covid","000001.SS",1,FALSE,52,0.0192,-2.5804,-0.0932,-1.4973,0.9298,-0.2465
"covid","000001.SS",2,FALSE,48,0.3125,-2.7228,1.1081,0.3586,0.7518,-1.2215
"covid","000001.SS",3,TRUE,90,0.0778,2.943,-0.5371,0.6739,-0.9382,0.7939
"covid","^TWII",1,FALSE,34,0.0294,-3.5277,1.5268,-0.434,0.8428,-0.7241
"covid","^TWII",2,TRUE,65,0.1077,4.6961,-0.8424,1.313,-1.3391,1.2016
"covid","^TWII",3,FALSE,91,0.1648,-2.0363,0.0313,-0.7757,0.6416,-0.5877
"covid","^JKSE",1,FALSE,100,0.16,-2.6045,0.365,-0.78,0.6595,-0.8
"covid","^JKSE",2,FALSE,26,0,-2.462,1.4651,-0.2128,0.7846,6e-04
"covid","^JKSE",3,TRUE,64,0.1094,5.0697,-1.1655,1.3051,-1.3493,1.2498
"crisis2022","^GSPC",1,TRUE,98,0.9592,3.9151,-0.9914,0.8862,-0.8774,1.1601
"crisis2022","^GSPC",2,FALSE,95,0.1684,-3.7699,0.9455,-1.1842,1.1515,-0.4888
"crisis2022","^GSPC",3,FALSE,71,0.1408,-0.3596,0.1034,0.3613,-0.3297,-0.9472
"crisis2022","^GSPTSE",1,FALSE,62,0,-4.4668,0.9547,-1.4685,1.1884,-0.8553
"crisis2022","^GSPTSE",2,TRUE,81,0.9136,4.9459,-1.3047,1.0984,-1.2227,1.3201
"crisis2022","^GSPTSE",3,FALSE,121,0.3802,-1.0221,0.3842,0.0171,0.2096,-0.4455
"crisis2022","^GDAXI",1,FALSE,66,0.1364,-1.441,0.9863,-0.1341,0.1384,-0.1822
"crisis2022","^GDAXI",2,FALSE,89,0.1011,-3.7476,0.4283,-1.1189,1.1168,-1.0836
"crisis2022","^GDAXI",3,TRUE,109,0.9358,3.9325,-0.9469,0.9948,-0.9957,0.9951
"crisis2022","^FCHI",1,FALSE,88,0.5,0.8188,-0.0702,0.0019,-0.3095,0.4372
"crisis2022","^FCHI",2,TRUE,63,1,5.351,-1.2682,1.5468,-1.3748,1.1612
"crisis2022","^FCHI",3,FALSE,113,0.115,-3.6209,0.7617,-0.8638,1.0075,-0.9878
"crisis2022","^FTSE",1,FALSE,103,0.1748,-3.37,0.4884,-0.8554,1.1885,-0.8377
"crisis2022","^FTSE",2,FALSE,54,0.037,-0.8228,0.4304,-0.5324,-0.7328,-0.5928
"crisis2022","^FTSE",3,TRUE,107,0.9346,3.6593,-0.6874,1.0921,-0.7742,1.1055
"crisis2022","^IBEX",1,TRUE,63,1,4.3478,-0.5494,1.693,-0.9611,1.1443
"crisis2022","^IBEX",2,FALSE,117,0.1368,-3.1039,0.5087,-0.6762,0.9472,-0.9717
"crisis2022","^IBEX",3,FALSE,84,0.4881,1.0625,-0.2965,-0.3279,-0.5985,0.4953
"crisis2022","FTSEMIB.MI",1,FALSE,69,0.1304,-1.9927,1.0061,-0.2615,0.4529,-0.2722
"crisis2022","FTSEMIB.MI",2,FALSE,88,0.1023,-3.5796,0.4824,-1.0747,1.0007,-1.0218
"crisis2022","FTSEMIB.MI",3,TRUE,107,0.9533,4.229,-1.0455,1.0525,-1.115,1.0159
"crisis2022","^SSMI",1,TRUE,107,0.9533,3.9641,-0.9306,0.9704,-0.9882,1.075
"crisis2022","^SSMI",2,FALSE,117,0.1538,-1.6468,0.3634,-0.3814,0.318,-0.584
"crisis2022","^SSMI",3,FALSE,40,0,-5.7872,1.4266,-1.48,1.7132,-1.1674
"crisis2022","^AEX",1,FALSE,92,0.5109,0.7033,-0.0047,0.1755,-0.299,0.2241
"crisis2022","^AEX",2,FALSE,105,0.0857,-3.9344,0.9076,-0.9932,1.0727,-0.961
"crisis2022","^AEX",3,TRUE,67,0.9552,5.2002,-1.4158,1.3155,-1.2705,1.1984
"crisis2022","^N225",1,FALSE,127,0.1181,-1.8295,0.038,-0.416,0.4891,-0.8863
"crisis2022","^N225",2,FALSE,74,0.5676,-1.2676,0.8349,-0.5613,0.4325,0.561
"crisis2022","^N225",3,TRUE,63,1,5.177,-1.0573,1.4979,-1.494,1.1278
"crisis2022","^HSI",1,TRUE,83,0.747,3.2254,-0.8161,0.6629,-1.0328,0.7135
"crisis2022","^HSI",2,FALSE,137,0.4234,-1.7932,0.0328,-0.8119,0.8458,-0.1028
"crisis2022","^HSI",3,FALSE,44,0,-0.5009,1.4374,1.2773,-0.6851,-1.0259
"crisis2022","^KS11",1,FALSE,53,0,0.5354,1.0281,1.146,-0.1031,0.3144
"crisis2022","^KS11",2,FALSE,88,0.1023,-3.8903,0.4574,-1.1703,1.0448,-1.2178
"crisis2022","^KS11",3,TRUE,123,0.9024,2.5526,-0.7703,0.3435,-0.703,0.7358
"crisis2022","^AXJO",1,FALSE,98,0.3776,-0.0798,0.4406,0.4646,-0.0922,-0.196
"crisis2022","^AXJO",2,TRUE,78,0.9487,4.481,-1.1638,0.8923,-1.104,1.3209
"crisis2022","^AXJO",3,FALSE,88,0.1023,-3.883,0.5408,-1.3083,1.0813,-0.9526
"crisis2022","^BVSP",1,TRUE,64,1,3.2184,-0.2911,0.7753,-0.7801,1.3719
"crisis2022","^BVSP",2,FALSE,97,0.268,0.8733,-0.7735,0.4649,-0.4917,-0.8568
"crisis2022","^BVSP",3,FALSE,103,0.2913,-2.8222,0.9094,-0.9195,0.9478,-0.0455
"crisis2022","^BSESN",1,FALSE,40,0,-5.0891,1.3207,-1.1445,1.5982,-1.0258
"crisis2022","^BSESN",2,FALSE,128,0.1875,-1.6679,0.3509,-0.532,0.3401,-0.4449
"crisis2022","^BSESN",3,TRUE,96,1,4.3443,-1.0182,1.1862,-1.1193,1.0206
"crisis2022","^MXX",1,FALSE,100,0.15,-3.2698,0.459,-1.0464,0.7806,-0.9839
"crisis2022","^MXX",2,FALSE,87,0.3563,-0.4918,0.6201,0.2117,0.3658,0.2824
"crisis2022","^MXX",3,TRUE,77,0.961,4.8023,-1.2967,1.1198,-1.427,0.9587
"crisis2022","000001.SS",1,FALSE,81,0.3086,0.871,-0.1567,0.1331,-0.2047,0.3765
"crisis2022","000001.SS",2,TRUE,59,1,5.3506,-1.2503,1.3374,-1.5642,1.1986
"crisis2022","000001.SS",3,FALSE,124,0.2903,-3.1148,0.6972,-0.7233,0.878,-0.8162
"crisis2022","^TWII",1,FALSE,82,0,0.0447,0.6341,0.9682,-0.2131,-0.5026
"crisis2022","^TWII",2,FALSE,90,0.4778,-3.4256,0.6242,-1.1365,1.1438,-0.5212
"crisis2022","^TWII",3,TRUE,92,0.837,3.3114,-1.1758,0.2488,-0.929,0.9578
"crisis2022","^JKSE",1,FALSE,113,0.469,-1.7624,0.844,-0.0238,1.0379,0.1433
"crisis2022","^JKSE",2,TRUE,66,1,3.5412,-0.2337,1.1724,-0.9475,1.1876
"crisis2022","^JKSE",3,FALSE,85,0.0118,-0.4066,-0.9406,-0.8787,-0.644,-1.1126
