"crisis","indice","ventana","persistencia","fecha_cambio","sesiones_panel_respecto_pico","dias_naturales_respecto_pico","sesiones_mercado_respecto_pico","momento","regimen","duracion_racha","n_ventanas"
"crisis2008","^GSPC",42,5,2008-10-06,151,341,234,"despues",1,77,382
"crisis2008","^GSPTSE",42,5,2008-10-06,151,341,234,"despues",3,51,382
"crisis2008","^GDAXI",42,5,2008-10-08,152,343,237,"despues",1,42,382
"crisis2008","^FCHI",42,5,2008-10-06,151,341,237,"despues",3,77,382
"crisis2008","^FTSE",42,5,2008-10-06,151,341,235,"despues",1,43,382
"crisis2008","^IBEX",42,5,2008-10-08,152,343,238,"despues",1,86,382
"crisis2008","FTSEMIB.MI",42,5,2008-10-06,151,341,234,"despues",2,79,382
"crisis2008","^SSMI",42,5,2008-01-16,28,77,51,"despues",1,40,382
"crisis2008","^AEX",42,5,2008-10-08,152,343,239,"despues",2,41,382
"crisis2008","^N225",42,5,2008-10-08,152,343,230,"despues",1,45,382
"crisis2008","^HSI",42,5,2008-01-22,30,83,56,"despues",2,32,382
"crisis2008","^KS11",42,5,2008-10-16,155,351,243,"despues",2,45,382
"crisis2008","^AXJO",42,5,2008-01-22,30,83,56,"despues",2,36,382
"crisis2008","^BVSP",42,5,2008-10-06,151,341,228,"despues",2,45,382
"crisis2008","^BSESN",42,5,2008-03-03,45,124,85,"despues",1,26,382
"crisis2008","^MXX",42,5,2008-10-06,151,341,234,"despues",2,77,382
"crisis2008","000001.SS",42,5,2007-11-28,12,28,20,"despues",3,182,382
"crisis2008","^TWII",42,5,2008-01-16,28,77,54,"despues",2,18,382
"crisis2008","^JKSE",42,5,2008-10-06,151,341,220,"despues",3,46,382
"covid","^GSPC",42,5,2020-03-09,16,53,35,"despues",2,42,190
"covid","^GSPTSE",42,5,2020-03-09,16,53,36,"despues",2,43,190
"covid","^GDAXI",42,5,2020-03-09,16,53,37,"despues",1,42,190
"covid","^FCHI",42,5,2020-03-09,16,53,37,"despues",3,42,190
"covid","^FTSE",42,5,2020-03-09,16,53,37,"despues",1,42,190
"covid","^IBEX",42,5,2020-03-09,16,53,37,"despues",1,42,190
"covid","FTSEMIB.MI",42,5,2020-03-09,16,53,37,"despues",2,42,190
"covid","^SSMI",42,5,2020-03-09,16,53,37,"despues",3,42,190
"covid","^AEX",42,5,2020-03-09,16,53,37,"despues",3,42,190
"covid","^N225",42,5,2020-03-09,16,53,35,"despues",1,41,190
"covid","^HSI",42,5,2020-03-09,16,53,35,"despues",2,44,190
"covid","^KS11",42,5,2020-03-11,17,55,37,"despues",2,43,190
"covid","^AXJO",42,5,2020-03-11,17,55,38,"despues",3,42,190
"covid","^BVSP",42,5,2020-03-09,16,53,35,"despues",2,42,190
"covid","^BSESN",42,5,2020-03-12,18,56,38,"despues",3,42,190
"covid","^MXX",42,5,2020-03-09,16,53,36,"despues",2,43,190
"covid","000001.SS",42,5,2019-07-16,-78,-184,-125,"antes",1,6,190
"covid","^TWII",42,5,2020-03-12,18,56,32,"despues",2,42,190
"covid","^JKSE",42,5,2020-03-09,16,53,37,"despues",1,44,190
"crisis2022","^GSPC",42,5,2022-03-07,20,62,42,"despues",2,68,264
"crisis2022","^GSPTSE",42,5,2022-06-14,62,161,112,"despues",2,26,264
"crisis2022","^GDAXI",42,5,2022-03-07,20,62,44,"despues",2,39,264
"crisis2022","^FCHI",42,5,2022-02-24,18,51,37,"despues",2,45,264
"crisis2022","^FTSE",42,5,2022-02-24,18,51,37,"despues",3,84,264
"crisis2022","^IBEX",42,5,2022-02-24,18,51,37,"despues",1,70,264
"crisis2022","FTSEMIB.MI",42,5,2022-02-24,18,51,37,"despues",3,84,264
"crisis2022","^SSMI",42,5,2022-02-24,18,51,37,"despues",1,70,264
"crisis2022","^AEX",42,5,2022-02-24,18,51,37,"despues",1,70,264
"crisis2022","^N225",42,5,2022-02-22,17,49,33,"despues",3,41,264
"crisis2022","^HSI",42,5,2022-03-14,23,69,46,"despues",3,38,264
"crisis2022","^KS11",42,5,2022-01-24,9,20,14,"despues",3,95,264
"crisis2022","^AXJO",42,5,2022-06-14,62,161,109,"despues",2,26,264
"crisis2022","^BVSP",42,5,2022-05-10,46,126,86,"despues",1,53,264
"crisis2022","^BSESN",42,5,2022-02-14,13,41,28,"despues",2,75,264
"crisis2022","^MXX",42,5,2022-05-10,46,126,86,"despues",3,42,264
"crisis2022","000001.SS",42,5,2022-03-15,24,70,45,"despues",3,38,264
"crisis2022","^TWII",42,5,2022-03-07,20,62,36,"despues",2,93,264
"crisis2022","^JKSE",42,5,2022-05-10,46,126,80,"despues",1,56,264
"crisis2008","^GSPC",42,10,2008-10-06,151,341,234,"despues",1,77,382
"crisis2008","^GSPTSE",42,10,2008-10-06,151,341,234,"despues",3,51,382
"crisis2008","^GDAXI",42,10,2008-10-08,152,343,237,"despues",1,42,382
"crisis2008","^FCHI",42,10,2008-10-06,151,341,237,"despues",3,77,382
"crisis2008","^FTSE",42,10,2008-10-06,151,341,235,"despues",1,43,382
"crisis2008","^IBEX",42,10,2008-10-08,152,343,238,"despues",1,86,382
"crisis2008","FTSEMIB.MI",42,10,2008-10-06,151,341,234,"despues",2,79,382
"crisis2008","^SSMI",42,10,2008-01-16,28,77,51,"despues",1,40,382
"crisis2008","^AEX",42,10,2008-10-08,152,343,239,"despues",2,41,382
"crisis2008","^N225",42,10,2008-10-08,152,343,230,"despues",1,45,382
"crisis2008","^HSI",42,10,2008-01-22,30,83,56,"despues",2,32,382
"crisis2008","^KS11",42,10,2008-10-16,155,351,243,"despues",2,45,382
"crisis2008","^AXJO",42,10,2008-01-22,30,83,56,"despues",2,36,382
"crisis2008","^BVSP",42,10,2008-10-06,151,341,228,"despues",2,45,382
"crisis2008","^BSESN",42,10,2008-03-03,45,124,85,"despues",1,26,382
"crisis2008","^MXX",42,10,2008-10-06,151,341,234,"despues",2,77,382
"crisis2008","000001.SS",42,10,2007-11-28,12,28,20,"despues",3,182,382
"crisis2008","^TWII",42,10,2008-01-16,28,77,54,"despues",2,18,382
"crisis2008","^JKSE",42,10,2008-10-06,151,341,220,"despues",3,46,382
"covid","^GSPC",42,10,2020-03-09,16,53,35,"despues",2,42,190
"covid","^GSPTSE",42,10,2020-03-09,16,53,36,"despues",2,43,190
"covid","^GDAXI",42,10,2020-03-09,16,53,37,"despues",1,42,190
"covid","^FCHI",42,10,2020-03-09,16,53,37,"despues",3,42,190
"covid","^FTSE",42,10,2020-03-09,16,53,37,"despues",1,42,190
"covid","^IBEX",42,10,2020-03-09,16,53,37,"despues",1,42,190
"covid","FTSEMIB.MI",42,10,2020-03-09,16,53,37,"despues",2,42,190
"covid","^SSMI",42,10,2020-03-09,16,53,37,"despues",3,42,190
"covid","^AEX",42,10,2020-03-09,16,53,37,"despues",3,42,190
"covid","^N225",42,10,2020-03-09,16,53,35,"despues",1,41,190
"covid","^HSI",42,10,2020-03-09,16,53,35,"despues",2,44,190
"covid","^KS11",42,10,2020-03-11,17,55,37,"despues",2,43,190
"covid","^AXJO",42,10,2020-03-11,17,55,38,"despues",3,42,190
"covid","^BVSP",42,10,2020-03-09,16,53,35,"despues",2,42,190
"covid","^BSESN",42,10,2020-03-12,18,56,38,"despues",3,42,190
"covid","^MXX",42,10,2020-03-09,16,53,36,"despues",2,43,190
"covid","000001.SS",42,10,2020-02-04,1,19,7,"despues",1,14,190
"covid","^TWII",42,10,2020-03-12,18,56,32,"despues",2,42,190
"covid","^JKSE",42,10,2020-03-09,16,53,37,"despues",1,44,190
"crisis2022","^GSPC",42,10,2022-03-07,20,62,42,"despues",2,68,264
"crisis2022","^GSPTSE",42,10,2022-06-14,62,161,112,"despues",2,26,264
"crisis2022","^GDAXI",42,10,2022-03-07,20,62,44,"despues",2,39,264
"crisis2022","^FCHI",42,10,2022-02-24,18,51,37,"despues",2,45,264
"crisis2022","^FTSE",42,10,2022-02-24,18,51,37,"despues",3,84,264
"crisis2022","^IBEX",42,10,2022-02-24,18,51,37,"despues",1,70,264
"crisis2022","FTSEMIB.MI",42,10,2022-02-24,18,51,37,"despues",3,84,264
"crisis2022","^SSMI",42,10,2022-02-24,18,51,37,"despues",1,70,264
"crisis2022","^AEX",42,10,2022-02-24,18,51,37,"despues",1,70,264
"crisis2022","^N225",42,10,2022-02-22,17,49,33,"despues",3,41,264
"crisis2022","^HSI",42,10,2022-03-14,23,69,46,"despues",3,38,264
"crisis2022","^KS11",42,10,2022-01-24,9,20,14,"despues",3,95,264
"crisis2022","^AXJO",42,10,2022-06-14,62,161,109,"despues",2,26,264
"crisis2022","^BVSP",42,10,2022-05-10,46,126,86,"despues",1,53,264
"crisis2022","^BSESN",42,10,2022-02-14,13,41,28,"despues",2,75,264
"crisis2022","^MXX",42,10,2022-05-10,46,126,86,"despues",3,42,264
"crisis2022","000001.SS",42,10,2022-03-15,24,70,45,"despues",3,38,264
"crisis2022","^TWII",42,10,2022-03-07,20,62,36,"despues",2,93,264
"crisis2022","^JKSE",42,10,2022-05-10,46,126,80,"despues",1,56,264
"crisis2008","^GSPC",63,5,2008-10-06,151,341,234,"despues",2,72,369
"crisis2008","^GSPTSE",63,5,2008-10-06,151,341,234,"despues",2,65,369
"crisis2008","^GDAXI",63,5,2008-10-08,152,343,237,"despues",3,70,369
"crisis2008","^FCHI",63,5,2008-10-06,151,341,237,"despues",1,76,369
"crisis2008","^FTSE",63,5,2008-10-06,151,341,235,"despues",2,67,369
"crisis2008","^IBEX",63,5,2008-10-16,155,351,244,"despues",3,95,369
"crisis2008","FTSEMIB.MI",63,5,2008-10-06,151,341,234,"despues",2,76,369
"crisis2008","^SSMI",63,5,2008-10-22,158,357,246,"despues",1,67,369
"crisis2008","^AEX",63,5,2008-10-06,151,341,237,"despues",2,72,369
"crisis2008","^N225",63,5,2008-10-16,155,351,235,"despues",1,59,369
"crisis2008","^HSI",63,5,2008-10-06,151,341,229,"despues",3,70,369
"crisis2008","^KS11",63,5,2008-10-16,155,351,243,"despues",2,63,369
"crisis2008","^AXJO",63,5,2008-03-10,48,131,89,"despues",3,24,369
"crisis2008","^BVSP",63,5,2008-10-06,151,341,228,"despues",1,65,369
"crisis2008","^BSESN",63,5,2008-10-27,160,362,244,"despues",2,63,369
"crisis2008","^MXX",63,5,2008-10-06,151,341,234,"despues",3,67,369
"crisis2008","000001.SS",63,5,2008-01-22,30,83,57,"despues",2,184,369
"crisis2008","^TWII",63,5,2008-09-17,144,322,220,"despues",2,70,369
"crisis2008","^JKSE",63,5,2008-10-08,152,343,222,"despues",1,63,369
"covid","^GSPC",63,5,2020-03-09,16,53,35,"despues",1,63,190
"covid","^GSPTSE",63,5,2020-03-09,16,53,36,"despues",2,63,190
"covid","^GDAXI",63,5,2020-03-09,16,53,37,"despues",3,63,190
"covid","^FCHI",63,5,2020-03-09,16,53,37,"despues",1,63,190
"covid","^FTSE",63,5,2020-03-09,16,53,37,"despues",1,63,190
"covid","^IBEX",63,5,2020-03-09,16,53,37,"despues",2,63,190
"covid","FTSEMIB.MI",63,5,2020-03-09,16,53,37,"despues",2,63,190
"covid","^SSMI",63,5,2020-03-09,16,53,37,"despues",1,62,190
"covid","^AEX",63,5,2020-03-09,16,53,37,"despues",3,63,190
"covid","^N225",63,5,2020-03-09,16,53,35,"despues",1,63,190
"covid","^HSI",63,5,2020-03-12,18,56,38,"despues",1,61,190
"covid","^KS11",63,5,2020-03-09,16,53,35,"despues",2,64,190
"covid","^AXJO",63,5,2020-03-11,17,55,38,"despues",3,63,190
"covid","^BVSP",63,5,2020-03-09,16,53,35,"despues",3,63,190
"covid","^BSESN",63,5,2020-03-12,18,56,38,"despues",3,63,190
"covid","^MXX",63,5,2020-03-09,16,53,36,"despues",2,64,190
"covid","000001.SS",63,5,2019-07-16,-78,-184,-125,"antes",3,27,190
"covid","^TWII",63,5,2020-03-09,16,53,29,"despues",2,65,190
"covid","^JKSE",63,5,2020-03-09,16,53,37,"despues",3,64,190
"crisis2022","^GSPC",63,5,2022-03-07,20,62,42,"despues",1,90,264
"crisis2022","^GSPTSE",63,5,2022-05-10,46,126,88,"despues",2,81,264
"crisis2022","^GDAXI",63,5,2022-02-24,18,51,37,"despues",3,109,264
"crisis2022","^FCHI",63,5,2022-03-07,20,62,44,"despues",2,63,264
"crisis2022","^FTSE",63,5,2022-03-07,20,62,44,"despues",3,107,264
"crisis2022","^IBEX",63,5,2022-03-07,20,62,44,"despues",1,63,264
"crisis2022","FTSEMIB.MI",63,5,2022-02-24,18,51,37,"despues",3,107,264
"crisis2022","^SSMI",63,5,2022-02-24,18,51,37,"despues",1,107,264
"crisis2022","^AEX",63,5,2022-03-07,20,62,44,"despues",3,63,264
"crisis2022","^N225",63,5,2022-02-22,17,49,33,"despues",3,63,264
"crisis2022","^HSI",63,5,2022-03-14,23,69,46,"despues",1,59,264
"crisis2022","^KS11",63,5,2022-01-24,9,20,14,"despues",3,120,264
"crisis2022","^AXJO",63,5,2022-05-10,46,126,85,"despues",2,65,264
"crisis2022","^BVSP",63,5,2022-05-10,46,126,86,"despues",1,63,264
"crisis2022","^BSESN",63,5,2022-02-14,13,41,28,"despues",3,96,264
"crisis2022","^MXX",63,5,2022-05-10,46,126,86,"despues",3,77,264
"crisis2022","000001.SS",63,5,2022-03-15,24,70,45,"despues",2,59,264
"crisis2022","^TWII",63,5,2022-04-26,43,112,70,"despues",3,92,264
"crisis2022","^JKSE",63,5,2022-05-10,46,126,80,"despues",2,63,264
"crisis2008","^GSPC",63,10,2008-10-06,151,341,234,"despues",2,72,369
"crisis2008","^GSPTSE",63,10,2008-10-06,151,341,234,"despues",2,65,369
"crisis2008","^GDAXI",63,10,2008-10-08,152,343,237,"despues",3,70,369
"crisis2008","^FCHI",63,10,2008-10-06,151,341,237,"despues",1,76,369
"crisis2008","^FTSE",63,10,2008-10-06,151,341,235,"despues",2,67,369
"crisis2008","^IBEX",63,10,2008-10-16,155,351,244,"despues",3,95,369
"crisis2008","FTSEMIB.MI",63,10,2008-10-06,151,341,234,"despues",2,76,369
"crisis2008","^SSMI",63,10,2008-10-22,158,357,246,"despues",1,67,369
"crisis2008","^AEX",63,10,2008-10-06,151,341,237,"despues",2,72,369
"crisis2008","^N225",63,10,2008-10-16,155,351,235,"despues",1,59,369
"crisis2008","^HSI",63,10,2008-10-06,151,341,229,"despues",3,70,369
"crisis2008","^KS11",63,10,2008-10-16,155,351,243,"despues",2,63,369
"crisis2008","^AXJO",63,10,2008-03-10,48,131,89,"despues",3,24,369
"crisis2008","^BVSP",63,10,2008-10-06,151,341,228,"despues",1,65,369
"crisis2008","^BSESN",63,10,2008-10-27,160,362,244,"despues",2,63,369
"crisis2008","^MXX",63,10,2008-10-06,151,341,234,"despues",3,67,369
"crisis2008","000001.SS",63,10,2008-01-22,30,83,57,"despues",2,184,369
"crisis2008","^TWII",63,10,2008-09-17,144,322,220,"despues",2,70,369
"crisis2008","^JKSE",63,10,2008-10-08,152,343,222,"despues",1,63,369
"covid","^GSPC",63,10,2020-03-09,16,53,35,"despues",1,63,190
"covid","^GSPTSE",63,10,2020-03-09,16,53,36,"despues",2,63,190
"covid","^GDAXI",63,10,2020-03-09,16,53,37,"despues",3,63,190
"covid","^FCHI",63,10,2020-03-09,16,53,37,"despues",1,63,190
"covid","^FTSE",63,10,2020-03-09,16,53,37,"despues",1,63,190
"covid","^IBEX",63,10,2020-03-09,16,53,37,"despues",2,63,190
"covid","FTSEMIB.MI",63,10,2020-03-09,16,53,37,"despues",2,63,190
"covid","^SSMI",63,10,2020-03-09,16,53,37,"despues",1,62,190
"covid","^AEX",63,10,2020-03-09,16,53,37,"despues",3,63,190
"covid","^N225",63,10,2020-03-09,16,53,35,"despues",1,63,190
"covid","^HSI",63,10,2020-03-12,18,56,38,"despues",1,61,190
"covid","^KS11",63,10,2020-03-09,16,53,35,"despues",2,64,190
"covid","^AXJO",63,10,2020-03-11,17,55,38,"despues",3,63,190
"covid","^BVSP",63,10,2020-03-09,16,53,35,"despues",3,63,190
"covid","^BSESN",63,10,2020-03-12,18,56,38,"despues",3,63,190
"covid","^MXX",63,10,2020-03-09,16,53,36,"despues",2,64,190
"covid","000001.SS",63,10,2019-07-16,-78,-184,-125,"antes",3,27,190
"covid","^TWII",63,10,2020-03-09,16,53,29,"despues",2,65,190
"covid","^JKSE",63,10,2020-03-09,16,53,37,"despues",3,64,190
"crisis2022","^GSPC",63,10,2022-03-07,20,62,42,"despues",1,90,264
"crisis2022","^GSPTSE",63,10,2022-05-10,46,126,88,"despues",2,81,264
"crisis2022","^GDAXI",63,10,2022-02-24,18,51,37,"despues",3,109,264
"crisis2022","^FCHI",63,10,2022-03-07,20,62,44,"despues",2,63,264
"crisis2022","^FTSE",63,10,2022-03-07,20,62,44,"despues",3,107,264
"crisis2022","^IBEX",63,10,2022-03-07,20,62,44,"despues",1,63,264
"crisis2022","FTSEMIB.MI",63,10,2022-02-24,18,51,37,"despues",3,107,264
"crisis2022","^SSMI",63,10,2022-02-24,18,51,37,"despues",1,107,264
"crisis2022","^AEX",63,10,2022-03-07,20,62,44,"despues",3,63,264
"crisis2022","^N225",63,10,2022-02-22,17,49,33,"despues",3,63,264
"crisis2022","^HSI",63,10,2022-03-14,23,69,46,"despues",1,59,264
"crisis2022","^KS11",63,10,2022-01-24,9,20,14,"despues",3,120,264
"crisis2022","^AXJO",63,10,2022-05-10,46,126,85,"despues",2,65,264
"crisis2022","^BVSP",63,10,2022-05-10,46,126,86,"despues",1,63,264
"crisis2022","^BSESN",63,10,2022-02-14,13,41,28,"despues",3,96,264
"crisis2022","^MXX",63,10,2022-05-10,46,126,86,"despues",3,77,264
"crisis2022","000001.SS",63,10,2022-03-15,24,70,45,"despues",2,59,264
"crisis2022","^TWII",63,10,2022-04-26,43,112,70,"despues",3,92,264
"crisis2022","^JKSE",63,10,2022-05-10,46,126,80,"despues",2,63,264
"crisis2008","^GSPC",84,5,2008-10-08,152,343,236,"despues",2,84,348
"crisis2008","^GSPTSE",84,5,2008-10-06,151,341,234,"despues",1,84,348
"crisis2008","^GDAXI",84,5,2008-10-06,151,341,235,"despues",1,84,348
"crisis2008","^FCHI",84,5,2008-10-06,151,341,237,"despues",1,87,348
"crisis2008","^FTSE",84,5,2008-10-06,151,341,235,"despues",2,85,348
"crisis2008","^IBEX",84,5,2008-10-15,154,350,243,"despues",1,85,348
"crisis2008","FTSEMIB.MI",84,5,2008-10-06,151,341,234,"despues",2,87,348
"crisis2008","^SSMI",84,5,2008-10-22,158,357,246,"despues",1,86,348
"crisis2008","^AEX",84,5,2008-10-06,151,341,237,"despues",2,87,348
"crisis2008","^N225",84,5,2008-10-16,155,351,235,"despues",3,80,348
"crisis2008","^HSI",84,5,2008-10-06,151,341,229,"despues",3,90,348
"crisis2008","^KS11",84,5,2008-10-16,155,351,243,"despues",2,84,348
"crisis2008","^AXJO",84,5,2008-10-15,154,350,242,"despues",1,88,348
"crisis2008","^BVSP",84,5,2008-10-06,151,341,228,"despues",1,84,348
"crisis2008","^BSESN",84,5,2008-10-27,160,362,244,"despues",2,84,348
"crisis2008","^MXX",84,5,2008-10-06,151,341,234,"despues",3,84,348
"crisis2008","000001.SS",84,5,2008-01-22,30,83,57,"despues",2,28,348
"crisis2008","^TWII",84,5,2008-09-17,144,322,220,"despues",1,90,348
"crisis2008","^JKSE",84,5,2008-10-08,152,343,222,"despues",1,84,348
"covid","^GSPC",84,5,2020-03-09,16,53,35,"despues",1,84,190
"covid","^GSPTSE",84,5,2020-03-09,16,53,36,"despues",3,84,190
"covid","^GDAXI",84,5,2020-03-09,16,53,37,"despues",3,84,190
"covid","^FCHI",84,5,2020-03-09,16,53,37,"despues",3,84,190
"covid","^FTSE",84,5,2020-03-09,16,53,37,"despues",2,84,190
"covid","^IBEX",84,5,2020-03-09,16,53,37,"despues",2,84,190
"covid","FTSEMIB.MI",84,5,2020-03-09,16,53,37,"despues",2,84,190
"covid","^SSMI",84,5,2020-03-09,16,53,37,"despues",3,84,190
"covid","^AEX",84,5,2020-03-09,16,53,37,"despues",2,84,190
"covid","^N225",84,5,2020-03-09,16,53,35,"despues",2,84,190
"covid","^HSI",84,5,2020-03-12,18,56,38,"despues",1,82,190
"covid","^KS11",84,5,2020-03-09,16,53,35,"despues",2,84,190
"covid","^AXJO",84,5,2020-03-12,18,56,39,"despues",2,82,190
"covid","^BVSP",84,5,2020-03-09,16,53,35,"despues",1,84,190
"covid","^BSESN",84,5,2020-03-12,18,56,38,"despues",2,83,190
"covid","^MXX",84,5,2020-03-12,18,56,39,"despues",2,82,190
"covid","000001.SS",84,5,2019-08-23,-55,-146,-97,"antes",2,24,190
"covid","^TWII",84,5,2020-03-09,16,53,29,"despues",2,86,190
"covid","^JKSE",84,5,2020-03-09,16,53,37,"despues",1,84,190
"crisis2022","^GSPC",84,5,2022-05-10,46,126,87,"despues",1,84,264
"crisis2022","^GSPTSE",84,5,2022-05-10,46,126,88,"despues",2,100,264
"crisis2022","^GDAXI",84,5,2022-03-07,20,62,44,"despues",1,84,264
"crisis2022","^FCHI",84,5,2022-03-07,20,62,44,"despues",2,84,264
"crisis2022","^FTSE",84,5,2022-03-07,20,62,44,"despues",1,7,264
"crisis2022","^IBEX",84,5,2022-03-07,20,62,44,"despues",1,84,264
"crisis2022","FTSEMIB.MI",84,5,2022-03-07,20,62,44,"despues",3,114,264
"crisis2022","^SSMI",84,5,2022-03-07,20,62,44,"despues",2,115,264
"crisis2022","^AEX",84,5,2022-03-07,20,62,44,"despues",3,84,264
"crisis2022","^N225",84,5,2022-03-07,20,62,41,"despues",3,70,264
"crisis2022","^HSI",84,5,2022-03-07,20,62,41,"despues",1,84,264
"crisis2022","^KS11",84,5,2022-01-24,9,20,14,"despues",3,89,264
"crisis2022","^AXJO",84,5,2022-05-12,48,128,87,"despues",2,82,264
"crisis2022","^BVSP",84,5,2022-03-10,22,65,45,"despues",1,108,264
"crisis2022","^BSESN",84,5,2022-04-19,40,105,70,"despues",3,53,264
"crisis2022","^MXX",84,5,2022-05-10,46,126,86,"despues",1,84,264
"crisis2022","000001.SS",84,5,2022-03-15,24,70,45,"despues",2,80,264
"crisis2022","^TWII",84,5,2022-05-12,48,128,81,"despues",3,108,264
"crisis2022","^JKSE",84,5,2021-07-06,-79,-182,-125,"antes",2,20,264
"crisis2008","^GSPC",84,10,2008-10-08,152,343,236,"despues",2,84,348
"crisis2008","^GSPTSE",84,10,2008-10-06,151,341,234,"despues",1,84,348
"crisis2008","^GDAXI",84,10,2008-10-06,151,341,235,"despues",1,84,348
"crisis2008","^FCHI",84,10,2008-10-06,151,341,237,"despues",1,87,348
"crisis2008","^FTSE",84,10,2008-10-06,151,341,235,"despues",2,85,348
"crisis2008","^IBEX",84,10,2008-10-15,154,350,243,"despues",1,85,348
"crisis2008","FTSEMIB.MI",84,10,2008-10-06,151,341,234,"despues",2,87,348
"crisis2008","^SSMI",84,10,2008-10-22,158,357,246,"despues",1,86,348
"crisis2008","^AEX",84,10,2008-10-06,151,341,237,"despues",2,87,348
"crisis2008","^N225",84,10,2008-10-16,155,351,235,"despues",3,80,348
"crisis2008","^HSI",84,10,2008-10-06,151,341,229,"despues",3,90,348
"crisis2008","^KS11",84,10,2008-10-16,155,351,243,"despues",2,84,348
"crisis2008","^AXJO",84,10,2008-10-15,154,350,242,"despues",1,88,348
"crisis2008","^BVSP",84,10,2008-10-06,151,341,228,"despues",1,84,348
"crisis2008","^BSESN",84,10,2008-10-27,160,362,244,"despues",2,84,348
"crisis2008","^MXX",84,10,2008-10-06,151,341,234,"despues",3,84,348
"crisis2008","000001.SS",84,10,2008-01-22,30,83,57,"despues",2,28,348
"crisis2008","^TWII",84,10,2008-09-17,144,322,220,"despues",1,90,348
"crisis2008","^JKSE",84,10,2008-10-08,152,343,222,"despues",1,84,348
"covid","^GSPC",84,10,2020-03-09,16,53,35,"despues",1,84,190
"covid","^GSPTSE",84,10,2020-03-09,16,53,36,"despues",3,84,190
"covid","^GDAXI",84,10,2020-03-09,16,53,37,"despues",3,84,190
"covid","^FCHI",84,10,2020-03-09,16,53,37,"despues",3,84,190
"covid","^FTSE",84,10,2020-03-09,16,53,37,"despues",2,84,190
"covid","^IBEX",84,10,2020-03-09,16,53,37,"despues",2,84,190
"covid","FTSEMIB.MI",84,10,2020-03-09,16,53,37,"despues",2,84,190
"covid","^SSMI",84,10,2020-03-09,16,53,37,"despues",3,84,190
"covid","^AEX",84,10,2020-03-09,16,53,37,"despues",2,84,190
"covid","^N225",84,10,2020-03-09,16,53,35,"despues",2,84,190
"covid","^HSI",84,10,2020-03-12,18,56,38,"despues",1,82,190
"covid","^KS11",84,10,2020-03-09,16,53,35,"despues",2,84,190
"covid","^AXJO",84,10,2020-03-12,18,56,39,"despues",2,82,190
"covid","^BVSP",84,10,2020-03-09,16,53,35,"despues",1,84,190
"covid","^BSESN",84,10,2020-03-12,18,56,38,"despues",2,83,190
"covid","^MXX",84,10,2020-03-12,18,56,39,"despues",2,82,190
"covid","000001.SS",84,10,2019-08-23,-55,-146,-97,"antes",2,24,190
"covid","^TWII",84,10,2020-03-09,16,53,29,"despues",2,86,190
"covid","^JKSE",84,10,2020-03-09,16,53,37,"despues",1,84,190
"crisis2022","^GSPC",84,10,2022-05-10,46,126,87,"despues",1,84,264
"crisis2022","^GSPTSE",84,10,2022-05-10,46,126,88,"despues",2,100,264
"crisis2022","^GDAXI",84,10,2022-03-07,20,62,44,"despues",1,84,264
"crisis2022","^FCHI",84,10,2022-03-07,20,62,44,"despues",2,84,264
"crisis2022","^FTSE",84,10,2022-05-10,46,126,87,"despues",1,58,264
"crisis2022","^IBEX",84,10,2022-03-07,20,62,44,"despues",1,84,264
"crisis2022","FTSEMIB.MI",84,10,2022-03-07,20,62,44,"despues",3,114,264
"crisis2022","^SSMI",84,10,2022-03-07,20,62,44,"despues",2,115,264
"crisis2022","^AEX",84,10,2022-03-07,20,62,44,"despues",3,84,264
"crisis2022","^N225",84,10,2022-03-07,20,62,41,"despues",3,70,264
"crisis2022","^HSI",84,10,2022-03-07,20,62,41,"despues",1,84,264
"crisis2022","^KS11",84,10,2022-01-24,9,20,14,"despues",3,89,264
"crisis2022","^AXJO",84,10,2022-05-12,48,128,87,"despues",2,82,264
"crisis2022","^BVSP",84,10,2022-03-10,22,65,45,"despues",1,108,264
"crisis2022","^BSESN",84,10,2022-04-19,40,105,70,"despues",3,53,264
"crisis2022","^MXX",84,10,2022-05-10,46,126,86,"despues",1,84,264
"crisis2022","000001.SS",84,10,2022-03-15,24,70,45,"despues",2,80,264
"crisis2022","^TWII",84,10,2022-05-12,48,128,81,"despues",3,108,264
"crisis2022","^JKSE",84,10,2021-07-06,-79,-182,-125,"antes",2,20,264
